,Date,User Name,User ID,Tweet,User Location,Image URL
0,2022-12-06 21:15:15+00:00,NACBAorg,380532332,"""Federal student loan debt still burdensome for borrowers despite relief, survey says"" #studentdebtbomb #bankruptcy #studentloans #NACBA https://t.co/OKLJzFXief",,https://pbs.twimg.com/profile_images/1408495435279388672/EA8ihn0y_normal.jpg
1,2022-12-06 20:15:18+00:00,NACBAorg,380532332,"""U.S. Supreme Court to review Biden student debt relief plan in February"" #studentdebtbomb #bankruptcy #studenloans #NACBA https://t.co/f33R2vUxPi",,https://pbs.twimg.com/profile_images/1408495435279388672/EA8ihn0y_normal.jpg
2,2022-12-06 18:03:19+00:00,NACBAorg,380532332,"""Supreme Court likely to rule that Biden student loan plan is illegal, experts say. Here‚Äôs what that means for borrowers"" #studentdebtbomb #bankruptcy #studentloans https://t.co/oFnEn9JRQ9",,https://pbs.twimg.com/profile_images/1408495435279388672/EA8ihn0y_normal.jpg
3,2022-12-06 17:02:44+00:00,NACBAorg,380532332,"""5 Student Loan Forgiveness Updates Borrowers Should Know About"" #studentdebtbomb https://t.co/oWI3ay7J4w",,https://pbs.twimg.com/profile_images/1408495435279388672/EA8ihn0y_normal.jpg
4,2022-11-30 17:03:37+00:00,NACBAorg,380532332,"""Why Biden's student-loan forgiveness plan is legal and should be reinstated by the Supreme Court, according to 44 economists, legal experts, and advocates"" #studentdebtbomb https://t.co/WicUHED776",,https://pbs.twimg.com/profile_images/1408495435279388672/EA8ihn0y_normal.jpg
5,2022-11-28 20:23:27+00:00,NACBAorg,380532332,Interested to learn more about the new student loan bankruptcy guidelines issued by DOJ &amp; ED? Join NACBA- who worked directly with #DOJ &amp; #ED -on Dec. 8th! Learn more &amp; register now! https://t.co/oQHl8aL05Y #NACBA #studentdebtbomb #bankruptcy https://t.co/t6mat9WAjg,,https://pbs.twimg.com/profile_images/1408495435279388672/EA8ihn0y_normal.jpg
6,2022-11-28 16:54:24+00:00,NACBAorg,380532332,"From #NCLC Digital Library: ""Effective December 1, New Rules Simplify a Consumer Bankruptcy Practice"" #studentdebtbomb #bankruptcy #NACBA #studentloans https://t.co/6svXUB2TCH",,https://pbs.twimg.com/profile_images/1408495435279388672/EA8ihn0y_normal.jpg
7,2022-11-23 17:32:13+00:00,NACBAorg,380532332,"""Biden-Harris Administration Continues Fight for Student Debt Relief for Millions of Borrowers, Extends Student Loan Repayment Pause"" #ED #studentdebtbomb #studentloandebt https://t.co/6TCLX6yl6O",,https://pbs.twimg.com/profile_images/1408495435279388672/EA8ihn0y_normal.jpg
8,2022-11-22 20:31:59+00:00,NACBAorg,380532332,‚ÄúWhite House to Extend Student-Loan Payment Pause to June 30‚Äù #studentdebtbomb https://t.co/MPAqrucBAO,,https://pbs.twimg.com/profile_images/1408495435279388672/EA8ihn0y_normal.jpg
9,2022-11-22 18:45:12+00:00,NACBAorg,380532332,"""Student loan forgiveness approval letters are going out. Here's what that means."" #studentdebtbomb https://t.co/AI59XrN6Kb",,https://pbs.twimg.com/profile_images/1408495435279388672/EA8ihn0y_normal.jpg
10,2022-11-21 17:35:10+00:00,NACBAorg,380532332,"""Student Loan Forgiveness Approvals: ‚ÄòMore Emails Coming‚Äô Even As Legal Battle Continues"" #studentdebtbomb https://t.co/RkI0IHqdVZ",,https://pbs.twimg.com/profile_images/1408495435279388672/EA8ihn0y_normal.jpg
11,2022-11-18 18:30:24+00:00,NACBAorg,380532332,"""Is student loan forgiveness dead? Hope is dwindling, but here are Biden's remaining options"" #studentdebtbomb https://t.co/DZYJQgadRP",,https://pbs.twimg.com/profile_images/1408495435279388672/EA8ihn0y_normal.jpg
12,2022-11-18 17:50:11+00:00,NACBAorg,380532332,"""Biden will ask Supreme Court to revive student debt relief plan""-As it fights in court, the White House is weighing a decision on further extending the payment pause #studentdebtbomb https://t.co/PR9ORew6vj",,https://pbs.twimg.com/profile_images/1408495435279388672/EA8ihn0y_normal.jpg
13,2022-11-18 17:15:55+00:00,NACBAorg,380532332,"""Biden Administration Offers New Path to Discharging Student Debt in Bankruptcy""-#NACBA w/allies worked for more than a year w/folks @usedgov @TheJusticeDept on this guidance for application of the Brunner Test #studentloandebt #bankruptcy #studentdebtbomb https://t.co/pHiBxjASTN",,https://pbs.twimg.com/profile_images/1408495435279388672/EA8ihn0y_normal.jpg
14,2022-11-17 23:05:41+00:00,NACBAorg,380532332,"""Biden Administration to Make It Easier to Dismiss Student Loans in Bankruptcy""-New guidelines set specific requirements for borrowers to prove they are experiencing economic distress #studentdebtbomb #FRESHStart #studentloandebt #studentloans #bankruptcy https://t.co/eaZH2PSCJM",,https://pbs.twimg.com/profile_images/1408495435279388672/EA8ihn0y_normal.jpg
15,2022-11-17 22:29:36+00:00,malevich_nikita,1056961463707934721,"Enjoy a confÃçident smile that looks brand new and lasts for years.  üëã

#cliquetober #cliquewriter #cliqueart #dyj #niteflirt #studentdebtbomb #poshmark #shopmycloset 

https://t.co/yzr2Q7FwMJ",World,https://pbs.twimg.com/profile_images/1597718577338949632/fMVZxPT1_normal.jpg
16,2022-11-17 20:40:10+00:00,NACBAorg,380532332,"""Judge grants final approval of $6 billion student loan settlement""-The agreement resolves a 2018 class-action lawsuit filed by people who accused ED of ignoring their applications for loan forgiveness #studentdebtbomb https://t.co/y6HHn2FyLT",,https://pbs.twimg.com/profile_images/1408495435279388672/EA8ihn0y_normal.jpg
17,2022-11-17 19:38:36+00:00,NACBAorg,380532332,"üö®BREAKING: ""DOJ/ED Issue Guidance on Undue Hardship Discharge of Student Loans in #Bankruptcy- NACBA Evaluating Fully"" Read NACBA's full press release &amp; stay tuned for full analysis from #NACBA. #studentdebtbomb #studentloandebt #FRESHSTART #unduehardship https://t.co/xgC5uiaIS0 https://t.co/l2bA7VKeZH",,https://pbs.twimg.com/profile_images/1408495435279388672/EA8ihn0y_normal.jpg
18,2022-11-17 18:20:13+00:00,NACBAorg,380532332,"""Biden's Education Department says it's 'examining' extending the student-loan payment pause to remedy the 'significant confusion' among borrowers after federal courts blocked debt relief"" #studentdebtbomb https://t.co/9d78e0CMZ3",,https://pbs.twimg.com/profile_images/1408495435279388672/EA8ihn0y_normal.jpg
19,2022-11-17 17:20:13+00:00,NACBAorg,380532332,"""Student Loan Defaults Will Increase ‚ÄòHistorically‚Äô Without Debt Forgiveness, Biden Administration Says"" #studentdebtbomb https://t.co/rDo1CzOPYq",,https://pbs.twimg.com/profile_images/1408495435279388672/EA8ihn0y_normal.jpg
20,2022-11-16 18:35:12+00:00,NACBAorg,380532332,"""Why a federal court blocked Biden's student-debt cancellation even after a major loan company undermined a key argument in the GOP-led lawsuit"" #studentdebtbomb https://t.co/GDISofvv8n",,https://pbs.twimg.com/profile_images/1408495435279388672/EA8ihn0y_normal.jpg
21,2022-11-16 16:21:58+00:00,NACBAorg,380532332,"""Student debt relief blocked, potentially hurting Black and Latino families the most""-Such debt disproportionately affects people of color, who don‚Äôt have the levels of generational wealth of many of their white counterparts #studentdebtbomb https://t.co/yUFCRiDvFm",,https://pbs.twimg.com/profile_images/1408495435279388672/EA8ihn0y_normal.jpg
22,2022-11-16 16:15:39+00:00,NACBAorg,380532332,"""Biden Facing Pressure to Extend Student Loan Payment Pause""-President Joe Biden is facing mounting pressure to extend a pause on student loan payments after his cancellation plan suffered a pair of legal blows #studentdebtbomb https://t.co/PbvqtJu2qi",,https://pbs.twimg.com/profile_images/1408495435279388672/EA8ihn0y_normal.jpg
23,2022-11-15 18:05:15+00:00,NACBAorg,380532332,"""The federal judge who blocked Biden's student-loan forgiveness plan is playing 'politics instead of actually following the law,' Elizabeth Warren says"" #studentdebtbomb https://t.co/fzS2dZvDnS",,https://pbs.twimg.com/profile_images/1408495435279388672/EA8ihn0y_normal.jpg
24,2022-11-15 16:45:17+00:00,NACBAorg,380532332,"""Legal peril for Biden‚Äôs student debt relief prompts calls to extend payment pause"" #studentdebtbomb https://t.co/BZzLa7kJFb",,https://pbs.twimg.com/profile_images/1408495435279388672/EA8ihn0y_normal.jpg
25,2022-11-15 15:58:19+00:00,NACBAorg,380532332,"""Federal student loan debt relief halted again by appeals court. Signature Biden plan on hold"" #studentdebtbomb https://t.co/rXhnMdjhZn",,https://pbs.twimg.com/profile_images/1408495435279388672/EA8ihn0y_normal.jpg
26,2022-11-14 14:36:46+00:00,NACBAorg,380532332,‚ÄúBiden senior adviser says ‚Äòwe‚Äôre going to prevail‚Äô after judge strikes down student loan relief‚Äù #studentdebtbomb https://t.co/XSETEfaLVe,,https://pbs.twimg.com/profile_images/1408495435279388672/EA8ihn0y_normal.jpg
27,2022-11-11 15:34:14+00:00,NACBAorg,380532332,"""Federal judge strikes down Biden‚Äôs student debt relief program""-Trump appointee in Texas declares the program unconstitutional. #studentdebtbomb https://t.co/drjM77NFHs",,https://pbs.twimg.com/profile_images/1408495435279388672/EA8ihn0y_normal.jpg
28,2022-11-10 17:10:16+00:00,NACBAorg,380532332,"""‚ÄòI‚Äôm growing more concerned‚Äô: The lawsuit that could derail Biden‚Äôs student-debt cancellation""-A lawsuit winding its way through a federal court in Fort Worth is drawing attention from both student-debt relief advocates and critics #studentdebtbomb https://t.co/dTnUU5Y5hg",,https://pbs.twimg.com/profile_images/1408495435279388672/EA8ihn0y_normal.jpg
29,2022-11-10 16:15:15+00:00,NACBAorg,380532332,"""What The Election Results Mean For Student Loan Forgiveness: 4 Key Takeaways"" #studentdebtbomb https://t.co/KmEAKzPFDz",,https://pbs.twimg.com/profile_images/1408495435279388672/EA8ihn0y_normal.jpg
30,2022-11-09 20:05:12+00:00,NACBAorg,380532332,"ICYMI: #NACBA hosted ""FEDERAL STUDENT LOAN 2022 CHANGES AS THEY RELATE TO BANKRUPTCY"" where our panelists discussed the latest opportunities for your #bankruptcy clients to reduce or eliminate their student loans. Grab the recording today! #studentdebtbomb https://t.co/QZmSj4NQcn https://t.co/HVODpCZkCC",,https://pbs.twimg.com/profile_images/1408495435279388672/EA8ihn0y_normal.jpg
31,2022-11-09 19:15:13+00:00,NACBAorg,380532332,"""College Debt Isn‚Äôt Personal: Our Economic Security Is At Stake"" #studentdebtbomb https://t.co/6aumeAwlpm",,https://pbs.twimg.com/profile_images/1408495435279388672/EA8ihn0y_normal.jpg
32,2022-11-08 16:25:11+00:00,NACBAorg,380532332,"""Student Loan Forgiveness Update: What We Know Now About the Timeline and Lawsuits"" #studentdebtbomb https://t.co/OpvGeG3Eu1",,https://pbs.twimg.com/profile_images/1408495435279388672/EA8ihn0y_normal.jpg
33,2022-11-08 14:35:12+00:00,NACBAorg,380532332,"""Already Applied For Student Loan Forgiveness? 6 Key Updates"" #studentdebtbomb https://t.co/1Tu0L3YdPQ",,https://pbs.twimg.com/profile_images/1408495435279388672/EA8ihn0y_normal.jpg
34,2022-11-07 17:30:27+00:00,NACBAorg,380532332,"""State Taxes on Student-Debt Relief Would Hit Black Borrowers Hardest""-Taxation expert Dorothy Brown says Black borrowers would be hit hardest by what she describes as ‚Äòregressive tax schemes‚Äô in certain states #studentdebtbomb https://t.co/x2Hkq4wp8c",,https://pbs.twimg.com/profile_images/1408495435279388672/EA8ihn0y_normal.jpg
35,2022-11-07 16:05:39+00:00,NACBAorg,380532332,"""When could student loan borrowers know if they‚Äôre actually getting relief?"" #studentdebtbomb https://t.co/34d8xIapjl",,https://pbs.twimg.com/profile_images/1408495435279388672/EA8ihn0y_normal.jpg
36,2022-11-04 18:15:16+00:00,NACBAorg,380532332,"""A rising share of student loan borrowers are struggling to pay their other debts, watchdog says"" #studentdebtbomb #CFPB https://t.co/HZt57yCB66",,https://pbs.twimg.com/profile_images/1408495435279388672/EA8ihn0y_normal.jpg
37,2022-11-04 16:15:18+00:00,NACBAorg,380532332,"White House Briefing Room: ""By The Numbers: Millions of Americans‚Äô Student Loan Costs Will Rise Dramatically Under Republican Officials‚Äô Plans"" #studentdebtbomb https://t.co/SFIMqiiH5r",,https://pbs.twimg.com/profile_images/1408495435279388672/EA8ihn0y_normal.jpg
38,2022-11-04 16:10:13+00:00,NACBAorg,380532332,"""16 million student-loan borrowers have now been approved for debt cancellation, Biden says ‚Äî but they won't see relief 'in the coming days' due to a GOP lawsuit"" #studentdebtbomb https://t.co/nY0hLNYATx",,https://pbs.twimg.com/profile_images/1408495435279388672/EA8ihn0y_normal.jpg
39,2022-11-04 15:46:26+00:00,NACBAorg,380532332,"""Remarks by President Biden on Student Debt Relief"" #POTUS #studentdebtbomb https://t.co/Q9fVcee0TF",,https://pbs.twimg.com/profile_images/1408495435279388672/EA8ihn0y_normal.jpg
40,2022-11-03 19:01:51+00:00,NACBAorg,380532332,"""Student Loan Debt Is A Critical Midterm Election Issue"" #studentdebtbomb #midterms #consumers https://t.co/OelqVyYKZt",,https://pbs.twimg.com/profile_images/1408495435279388672/EA8ihn0y_normal.jpg
41,2022-11-03 17:30:30+00:00,NACBAorg,380532332,"""Navient Loses Student Loan Bankruptcy Battle But Long Fight Looms""-Private student loan discharge restrictions being chipped away #bankruptcy #studentdebtbomb https://t.co/0Yx1vyE0f3",,https://pbs.twimg.com/profile_images/1408495435279388672/EA8ihn0y_normal.jpg
42,2022-11-03 17:16:25+00:00,NACBAorg,380532332,"""A major student-loan company just undermined the GOP-led lawsuit that temporarily halted Biden's debt cancellation""-MOHELA recently said it is not involved with the lawsuit, undermining the GOP argument #studentdebtbomb https://t.co/CrqxwpQtjT",,https://pbs.twimg.com/profile_images/1408495435279388672/EA8ihn0y_normal.jpg
43,2022-11-03 17:15:22+00:00,NACBAorg,380532332,"#CFPB: ""Office of Research blog: Update on student loan borrowers during payment suspension""-student loan borrowers are increasingly likely to struggle &amp; may face difficulties once their monthly student loan payments are reinstated #studentdebtbomb  https://t.co/d6awwtssof",,https://pbs.twimg.com/profile_images/1408495435279388672/EA8ihn0y_normal.jpg
44,2022-11-02 16:20:13+00:00,NACBAorg,380532332,"""A second attempt to block Biden's student-debt cancellation lands at the Supreme Court"" #studentdebtbomb https://t.co/CapV7Z1hZB",,https://pbs.twimg.com/profile_images/1408495435279388672/EA8ihn0y_normal.jpg
45,2022-11-02 15:45:14+00:00,NACBAorg,380532332,"""Refund Checks Arrive For Student Loan Borrowers Who Paid During Pandemic"" #studentdebtbomb https://t.co/fgTcgzJR5u",,https://pbs.twimg.com/profile_images/1408495435279388672/EA8ihn0y_normal.jpg
46,2022-11-01 18:30:25+00:00,NACBAorg,380532332,"""Education Department Releases Final Regulations to Expand and Improve Targeted Debt Relief Programs""-Rules improve borrower defense, ensure borrowers get their day in court, and limit student loan interest capitalization  #studentdebtbomb https://t.co/j0jlx8QvOx",,https://pbs.twimg.com/profile_images/1408495435279388672/EA8ihn0y_normal.jpg
47,2022-11-01 15:16:39+00:00,NACBAorg,380532332,"""Sweeping New Rules Will Curtail Student Loan Interest And Expand Loan Forgiveness Programs"" #studentdebtbomb https://t.co/Dng6T7EJjZ",,https://pbs.twimg.com/profile_images/1408495435279388672/EA8ihn0y_normal.jpg
48,2022-10-28 17:35:10+00:00,NACBAorg,380532332,"""A New, Bigger Student Loan Forgiveness Initiative Is Set To Launch ‚Äî And It‚Äôs Not The One That You Think"" #studentdebtbomb https://t.co/pWi1AsGNo7",,https://pbs.twimg.com/profile_images/1408495435279388672/EA8ihn0y_normal.jpg
49,2022-10-28 17:05:15+00:00,NACBAorg,380532332,"""Student Debt Headaches Return for Millions Despite Biden Relief""-Circumstances have changed a lot during the pandemic payment pause that‚Äôs about to end. #studentdebtbomb https://t.co/PmfpOk3UJv",,https://pbs.twimg.com/profile_images/1408495435279388672/EA8ihn0y_normal.jpg
50,2022-10-28 15:08:07+00:00,NACBAorg,380532332,"""Student Loan Debt Relief Checks Could Be Mailed in 'Two Weeks,' Biden Says""-checks could be sent to those who applied for his student loan debt forgiveness program within ""two weeks,"" despite the program being tied up in court. #studentdebtbomb https://t.co/APEJkWx4Um",,https://pbs.twimg.com/profile_images/1408495435279388672/EA8ihn0y_normal.jpg
51,2022-10-27 15:55:10+00:00,NACBAorg,380532332,"""With Student-Loan Forgiveness on Hold, Millions Wonder What‚Äôs Next for Their Money""-Relief turns to uncertainty as the fate of Biden‚Äôs debt plan rests with courts #studentdebtbomb https://t.co/bFC0bfpv0G",,https://pbs.twimg.com/profile_images/1408495435279388672/EA8ihn0y_normal.jpg
52,2022-10-26 17:20:12+00:00,NACBAorg,380532332,"""With Biden student loan forgiveness in legal limbo, Feds bet on changes to rules for another debt relief option"" #PSLF #studentdebtbomb https://t.co/bU0xQTWONh",,https://pbs.twimg.com/profile_images/1408495435279388672/EA8ihn0y_normal.jpg
53,2022-10-26 16:35:10+00:00,NACBAorg,380532332,"""Biden could have 'Plan B' if court stalls student debt forgiveness ‚Äî more repayment delays""-some experts predict the pause could be extended if the legal uncertainty over a new student loan forgiveness plan continues. #studentdebtbomb https://t.co/TUmfSSPAD2",,https://pbs.twimg.com/profile_images/1408495435279388672/EA8ihn0y_normal.jpg
54,2022-10-26 15:02:39+00:00,NACBAorg,380532332,"""Education Department Announces Permanent Improvements to the Public Service Loan Forgiveness Program and One-time payment Count Adjustment to Bring Borrowers Closer to Forgiveness"" #PSLF #studentdebtbomb https://t.co/zrAz7iTIsh",,https://pbs.twimg.com/profile_images/1408495435279388672/EA8ihn0y_normal.jpg
55,2022-10-26 14:25:50+00:00,NACBAorg,380532332,"""In lawsuit over student loan forgiveness, 6 states slam Biden for overreach"" #studentdebtbomb https://t.co/nXkByAXIZs",,https://pbs.twimg.com/profile_images/1408495435279388672/EA8ihn0y_normal.jpg
56,2022-10-25 15:19:33+00:00,NACBAorg,380532332,"""Debt Relief Blocked, for Now""-Nearly 22 million borrowers applied for loan forgiveness in the week since the application opened. #studentdebtbomb https://t.co/NfzOeNl7Ze",,https://pbs.twimg.com/profile_images/1408495435279388672/EA8ihn0y_normal.jpg
57,2022-10-25 15:17:41+00:00,NACBAorg,380532332,"""White House fires back in court against block on student loan debt forgiveness""-The Biden administration on Monday rebuked a group of six states hoping to undo its plans to forgive student loan debt for millions of Americans #studentdebtbomb https://t.co/wPCLPdaB3K",,https://pbs.twimg.com/profile_images/1408495435279388672/EA8ihn0y_normal.jpg
58,2022-10-21 15:29:07+00:00,NACBAorg,380532332,"‚ÄúThe Supreme Court won't block the student loan debt relief program, at least for now‚Äù #studentdebtbomb #SCOTUS https://t.co/BFpgO0NDkp",,https://pbs.twimg.com/profile_images/1408495435279388672/EA8ihn0y_normal.jpg
59,2022-10-21 12:09:38+00:00,NACBAorg,380532332,‚ÄúStudent Loan Lawsuits: Where Challenges to Cancellation Stand‚Äù #studentdebtbomb https://t.co/5pPZGuafds,,https://pbs.twimg.com/profile_images/1408495435279388672/EA8ihn0y_normal.jpg
60,2022-10-20 16:15:18+00:00,NACBAorg,380532332,"""Supreme Court urged to halt Biden‚Äôs student loan forgiveness plan""-Brown County Taxpayers Association urged the court to rule that the president‚Äôs nationwide debt cancellation plan illegally encroaches on Congress‚Äôs #studentdebtbomb https://t.co/PzKSCc0JRk",,https://pbs.twimg.com/profile_images/1408495435279388672/EA8ihn0y_normal.jpg
61,2022-10-19 14:45:18+00:00,NACBAorg,380532332,"""Automatic student loan forgiveness won‚Äôt be processed until after Nov. 14""-The estimated 8 million federal borrowers who will receive automatic student loan forgiveness are now being notified of their status by the Biden administration.  #studentdebtbomb https://t.co/jKueibyZ5h",,https://pbs.twimg.com/profile_images/1408495435279388672/EA8ihn0y_normal.jpg
62,2022-10-19 14:27:22+00:00,NACBAorg,380532332,"""Biden administration alerting borrowers in line for automatic student debt relief""-Those eligible for automatic relief can opt out of the debt cancellation program by Nov. 14 by contacting their student loan servicer. #studentdebtbomb https://t.co/2Ja2GM5gAp",,https://pbs.twimg.com/profile_images/1408495435279388672/EA8ihn0y_normal.jpg
63,2022-10-18 16:20:13+00:00,NACBAorg,380532332,"""White House says 8 million Americans have applied for student loan debt forgiveness"" #studentdebtbomb #studentloandebt https://t.co/1zDEfRjJan",,https://pbs.twimg.com/profile_images/1408495435279388672/EA8ihn0y_normal.jpg
64,2022-10-18 14:51:30+00:00,NACBAorg,380532332,"""Remarks by President Biden on the Student Debt Relief Portal Beta Test"" #studentdebtbomb #POTUS https://t.co/OvNs0JOdhl",,https://pbs.twimg.com/profile_images/1408495435279388672/EA8ihn0y_normal.jpg
65,2022-10-14 16:20:20+00:00,NACBAorg,380532332,"""Governor Hochul Signs Legislation Ending the Practice of Charging Additional Fee on Outstanding Student Debt "" #NY #studentdebtbomb #states #stateissues https://t.co/gQgCu3pmcX",,https://pbs.twimg.com/profile_images/1408495435279388672/EA8ihn0y_normal.jpg
66,2022-10-13 15:20:29+00:00,NACBAorg,380532332,"""These colleges promise no #student debt: ‚ÄòLoans are not part of the deal‚Äô""-More than 20 schools now have ‚Äúno-loan‚Äù policies &amp; will meet 100% of an undergraduate‚Äôs need for financial aid with grants rather than education #debt. #studentdebtbomb https://t.co/tbyKv0dk7X",,https://pbs.twimg.com/profile_images/1408495435279388672/EA8ihn0y_normal.jpg
67,2022-10-12 19:01:47+00:00,NACBAorg,380532332,"""Consumer Financial Protection Bureau tells institutional lenders to cease withholding transcripts"" #CFPB #studentdebtbomb https://t.co/TwJ94oIIjA",,https://pbs.twimg.com/profile_images/1408495435279388672/EA8ihn0y_normal.jpg
68,2022-10-12 17:45:12+00:00,NACBAorg,380532332,"""Student loans are notoriously difficult to discharge in bankruptcy. A new bill could change that""-NACBA supports the Student Borrower Bankruptcy Relief Act of 2022. Join #NACBA &amp; help us advocate for its support &amp; passage. #bankruptcy #studentdebtbomb https://t.co/BQJRDlRLGg",,https://pbs.twimg.com/profile_images/1408495435279388672/EA8ihn0y_normal.jpg
69,2022-10-12 16:30:31+00:00,NACBAorg,380532332,"""The White House just gave us a first look at the student loan forgiveness application""-the preview of the application confirms that it will be short and relatively simple to fill out  #studentdebtbomb https://t.co/BeukKSgfyO",,https://pbs.twimg.com/profile_images/1408495435279388672/EA8ihn0y_normal.jpg
70,2022-10-12 16:12:02+00:00,NACBAorg,380532332,"""President Biden signs bill allowing divorced couples to sever joint consolidation student loans"" #studentdebtbomb https://t.co/cs2BSgNHLm",,https://pbs.twimg.com/profile_images/1408495435279388672/EA8ihn0y_normal.jpg
71,2022-10-11 19:20:11+00:00,NACBAorg,380532332,"""Small Business Group Files Suit Over Biden Student Loan Plan""-The suit, filed Monday by the Job Creators Network Foundation, argues the Biden administration violated federal procedures by failing to seek public input on the program. #studentdebtbomb https://t.co/tKVk99ClTr",,https://pbs.twimg.com/profile_images/1408495435279388672/EA8ihn0y_normal.jpg
72,2022-10-11 16:15:18+00:00,NACBAorg,380532332,"""Here‚Äôs why more than 7 million student loan borrowers could miss out on federal forgiveness program""-Many borrowers may mistakenly assume they don‚Äôt qualify. #studentdebtbomb https://t.co/3G0pq2Vf18",,https://pbs.twimg.com/profile_images/1408495435279388672/EA8ihn0y_normal.jpg
73,2022-10-11 15:03:31+00:00,NACBAorg,380532332,"""No student loan debt relief coming before Oct. 23, White House says"" #studentdebtbomb https://t.co/5RWFCHeeEn",,https://pbs.twimg.com/profile_images/1408495435279388672/EA8ihn0y_normal.jpg
74,2022-10-10 18:20:13+00:00,NACBAorg,380532332,"""Education Secretary is 'more excited' about income-driven payments than forgiveness"" #studentdebtbomb https://t.co/FxDqppi270",,https://pbs.twimg.com/profile_images/1408495435279388672/EA8ihn0y_normal.jpg
75,2022-10-10 17:15:15+00:00,NACBAorg,380532332,"""Biden's student-loan forgiveness could be delayed next week as lawsuits continue to mount. Here's where the cases stand."" #studentdebtbomb https://t.co/LI6imwq7Tt",,https://pbs.twimg.com/profile_images/1408495435279388672/EA8ihn0y_normal.jpg
76,2022-10-07 18:05:10+00:00,NACBAorg,380532332,"""White House warns of student loan scams before debt relief opening"" #studentdebtbomb https://t.co/sv96b8SZNd",,https://pbs.twimg.com/profile_images/1408495435279388672/EA8ihn0y_normal.jpg
77,2022-10-07 16:20:14+00:00,NACBAorg,380532332,"""Student loan borrowers should have been able to apply for forgiveness already.""-The Biden administration has agreed to hold off forgiving any federal student loans until at least Oct. 17 #studentdebtbomb https://t.co/dqB526woWl",,https://pbs.twimg.com/profile_images/1408495435279388672/EA8ihn0y_normal.jpg
78,2022-10-07 15:43:52+00:00,NACBAorg,380532332,"""Judge dismisses student loan cancellation suit for lack of standing"" #studentdebtbomb https://t.co/rwbrdXktZ1",,https://pbs.twimg.com/profile_images/1408495435279388672/EA8ihn0y_normal.jpg
79,2022-10-07 15:09:44+00:00,NACBAorg,380532332,"""Nadler &amp; Cicilline Introduce the Student Borrower Bankruptcy Relief Act""-Student Borrower Bankruptcy Relief Act of 2022 would eliminate  section of the #bankruptcy code that makes private &amp; federal student loans nondischargeable #NACBA #studentdebtbomb https://t.co/KKZlW6Vf6L",,https://pbs.twimg.com/profile_images/1408495435279388672/EA8ihn0y_normal.jpg
80,2022-10-06 17:05:11+00:00,NACBAorg,380532332,"""CFPB Focuses on Student Loans ‚Äî Especially Those Made by Schools ‚Äî in Latest Supervisory Highlights"" #studentdebtbomb #CFPB https://t.co/9fSZD9C3sg",,https://pbs.twimg.com/profile_images/1408495435279388672/EA8ihn0y_normal.jpg
81,2022-10-06 15:25:09+00:00,NACBAorg,380532332,"""Biden‚Äôs student loan forgiveness plan could cost $379 billion over 30 years, Education Department estimates""-Despite some opposition to the plan, Biden remains committed to providing relief, the White House said this week. #studentdebtbomb https://t.co/mb9S4JF81p",,https://pbs.twimg.com/profile_images/1408495435279388672/EA8ihn0y_normal.jpg
82,2022-10-06 14:28:14+00:00,NACBAorg,380532332,"""FACT SHEET: Biden-‚Å†Harris Administration Boosts Administration-Wide Efforts to Protect Student Loan Borrowers from Scammers"" #studentdebtbomb https://t.co/Ua6fMiplTG",,https://pbs.twimg.com/profile_images/1408495435279388672/EA8ihn0y_normal.jpg
83,2022-10-05 17:20:13+00:00,NACBAorg,380532332,A student-loan company that took over public servants' accounts is involved in one of the first major lawsuits against Biden's debt cancellation-The lawsuit says MOHELA faces a loss of revenue due to the debt relief #studentdebtbomb https://t.co/9w2bvghVKt,,https://pbs.twimg.com/profile_images/1408495435279388672/EA8ihn0y_normal.jpg
84,2022-10-05 16:10:17+00:00,NACBAorg,380532332,"""Student-loan companies have 'illegally hampered' debt relief for borrowers in targeted repayment and forgiveness programs, consumer watchdog says""-#CFPB said companies had wrongfully denied borrowers targeted loan forgiveness #studentdebtbomb https://t.co/o3Q2CW22CD",,https://pbs.twimg.com/profile_images/1408495435279388672/EA8ihn0y_normal.jpg
85,2022-10-05 15:30:30+00:00,NACBAorg,380532332,"""Millions of student-loan borrowers had their debt transferred to new companies over the past year ‚Äî and it resulted in payment errors for 'hundreds of thousands of accounts,' a federal consumer watchdog says"" #studentdebtbomb https://t.co/sjUEGyCAN4",,https://pbs.twimg.com/profile_images/1408495435279388672/EA8ihn0y_normal.jpg
86,2022-10-04 14:45:15+00:00,NACBAorg,380532332,"""Student loan forgiveness: Key dates and details so far"" #studentdebtbomb https://t.co/GHumfqu9VY",,https://pbs.twimg.com/profile_images/1408495435279388672/EA8ihn0y_normal.jpg
87,2022-10-04 14:04:13+00:00,NACBAorg,380532332,"""Student Loan Forgiveness Application Goes Live Any Day, As Biden Administration Releases New Updates"" #studentdebtbomb https://t.co/0TWkb5k2CH",,https://pbs.twimg.com/profile_images/1408495435279388672/EA8ihn0y_normal.jpg
88,2022-10-03 18:30:28+00:00,NACBAorg,380532332,"""Lawsuits, shrunk eligibility take the shine off Biden‚Äôs student debt relief "" #studentdebtbomb https://t.co/SNP7KWFeXF",,https://pbs.twimg.com/profile_images/1408495435279388672/EA8ihn0y_normal.jpg
89,2022-10-03 17:25:14+00:00,NACBAorg,380532332,"""A win 16 years in the making for a group of student loan borrowers""-Joint Consolidation Loan Separation Act closes a loophole when Congress began allowing married couples to consolidate their #studentloans for a lower interest rate. #studentdebtbomb  https://t.co/klqlc0bhNU",,https://pbs.twimg.com/profile_images/1408495435279388672/EA8ihn0y_normal.jpg
90,2022-10-03 15:51:15+00:00,NACBAorg,380532332,"""Student loan payments, interest are back in January for unforgiven debt. Here‚Äôs how to deal with it"" https://t.co/xGGThkoBzn #studentdebtbomb",,https://pbs.twimg.com/profile_images/1408495435279388672/EA8ihn0y_normal.jpg
91,2022-09-30 18:15:14+00:00,NACBAorg,380532332,"""In a reversal, the Education Dept. is excluding many from student loan relief "" #studentdebtbomb https://t.co/dZ70NK1qcc",,https://pbs.twimg.com/profile_images/1408495435279388672/EA8ihn0y_normal.jpg
92,2022-09-30 16:20:15+00:00,NACBAorg,380532332,"""CFPB Supervisory Examinations Find Violations of Federal Law by Student Loan Servicers and University-Owned Lenders""-Blanket withholding of academic transcripts to pressure borrowers to pay cited as unlawful #CFPB #studentdebtbomb https://t.co/AFafWYIUY9",,https://pbs.twimg.com/profile_images/1408495435279388672/EA8ihn0y_normal.jpg
93,2022-09-30 15:38:08+00:00,NACBAorg,380532332,"""Biden administration scales back student debt relief for millions amid legal concerns""-Education Department says that a subset of federal student loans owned by private lenders no longer qualify for relief #studentdebtbomb https://t.co/9wiZoh8gc0",,https://pbs.twimg.com/profile_images/1408495435279388672/EA8ihn0y_normal.jpg
94,2022-09-29 14:59:14+00:00,NACBAorg,380532332,"Today's live NACBA webinar ""Federal Student Loan 2022 Changes As They Relate to Bankruptcy"" in ON AT 4PM ET! Can't make it live? Register to watch it on-demand! #NACBA #bankruptcy #studentdebtbomb https://t.co/OzYHE6awJB https://t.co/rfVe7rnuY4",,https://pbs.twimg.com/profile_images/1408495435279388672/EA8ihn0y_normal.jpg
95,2022-09-28 18:10:20+00:00,NACBAorg,380532332,"üö®Don't miss tomorrow's #NACBA webinar ""Federal Student Loan 2022 Changes as they relate to #Bankruptcy""! In order to represent your clients in bankruptcy you must be aware of how &amp; when the loans will be forgiven. Register today! #studentdebtbomb https://t.co/VAi48eyfsu https://t.co/5QwDqVSraD",,https://pbs.twimg.com/profile_images/1408495435279388672/EA8ihn0y_normal.jpg
96,2022-09-28 17:10:17+00:00,NACBAorg,380532332,"""8 million student loan borrowers will get automatic forgiveness. Here‚Äôs what you need to know "" #studentdebtbomb https://t.co/nZ99wQZwSs",,https://pbs.twimg.com/profile_images/1408495435279388672/EA8ihn0y_normal.jpg
97,2022-09-28 16:25:10+00:00,NACBAorg,380532332,"""U.S. Education Department sued over Biden's student loan cancellation plan"" #studentdebtbomb #DOE https://t.co/8PLfRy6whj",,https://pbs.twimg.com/profile_images/1408495435279388672/EA8ihn0y_normal.jpg
98,2022-09-27 15:45:20+00:00,NACBAorg,380532332,"""Biden‚Äôs Student Debt Forgiveness Plan Will Cost $400 Billion, CBO Finds"" #studentdebtbomb https://t.co/NbDSaZC3DY",,https://pbs.twimg.com/profile_images/1408495435279388672/EA8ihn0y_normal.jpg
99,2022-09-27 15:36:08+00:00,NACBAorg,380532332,"Please join #NACBA 9/29 &amp; learn more about ""Federal Student Loan 2022 Changes as they relate to #Bankruptcy""! In order to represent your clients in bankruptcy you must be aware of how &amp; when the loans will be forgiven. Register today! #studentdebtbomb https://t.co/VAi48eyfsu https://t.co/aewfKQqTN5",,https://pbs.twimg.com/profile_images/1408495435279388672/EA8ihn0y_normal.jpg
100,2022-09-26 19:02:22+00:00,NACBAorg,380532332,"Please join #NACBA Thursday &amp; learn more about ""Federal Student Loan 2022 Changes as they relate to #Bankruptcy""! In order to represent your clients in bankruptcy you must be aware of how &amp; when the loans will be forgiven. Register today! #studentdebtbomb https://t.co/nt91RSPl1K https://t.co/9UWmOyhQf7",,https://pbs.twimg.com/profile_images/1408495435279388672/EA8ihn0y_normal.jpg
101,2022-09-22 17:25:15+00:00,NACBAorg,380532332,"""54% of Americans say their mental health issues like anxiety and depression are directly related to student loan debt"" #studentdebtbomb https://t.co/NunO9sH2d4",,https://pbs.twimg.com/profile_images/1408495435279388672/EA8ihn0y_normal.jpg
102,2022-09-22 16:51:15+00:00,NACBAorg,380532332,"""House backs bill to let people with spousal student loans split the debt"" #studentdebtbomb https://t.co/9SdvkTeYkf",,https://pbs.twimg.com/profile_images/1408495435279388672/EA8ihn0y_normal.jpg
103,2022-09-21 15:25:11+00:00,NACBAorg,380532332,"""Here‚Äôs how many people will get student loan forgiveness in each state""-The White House released an analysis of how many borrowers will benefit from its student loan forgiveness plan in each state. #studentdebtbomb https://t.co/vt593Gixa4",,https://pbs.twimg.com/profile_images/1408495435279388672/EA8ihn0y_normal.jpg
104,2022-09-16 17:40:31+00:00,NACBAorg,380532332,"On 9/29 #NACBA will host ""FEDERAL STUDENT LOAN 2022 CHANGES AS THEY RELATE TO BANKRUPTCY"" @edboltz &amp; Karen Cody-Hopkins will discuss the latest news &amp; opportunities for your clients to reduce or eliminate their student loansüë©‚Äçüéìüë®‚Äçüéì#studentdebtbomb #bankruptcy https://t.co/9Cb4esYsst https://t.co/e1tteBc772",,https://pbs.twimg.com/profile_images/1408495435279388672/EA8ihn0y_normal.jpg
105,2022-09-16 17:15:16+00:00,NACBAorg,380532332,"""After Biden's student-loan forgiveness, Democrats move to 'improve the lives' of borrowers with a bill to make debt easier to pay off in the future"" #studentdebtbomb https://t.co/iAjV3WQDmR",,https://pbs.twimg.com/profile_images/1408495435279388672/EA8ihn0y_normal.jpg
106,2022-09-16 15:08:32+00:00,NACBAorg,380532332,"""How student loan forgiveness will be applied to your debts: 3 factors take priority"" #studentdebtbomb https://t.co/Ymt3Js95qK",,https://pbs.twimg.com/profile_images/1408495435279388672/EA8ihn0y_normal.jpg
107,2022-09-15 16:00:59+00:00,NACBAorg,380532332,"""Millions Of Student Loan Borrowers Will Get Refunds Of Payments Under Biden‚Äôs Loan Forgiveness Initiative"" #studentdebtbomb #studentloans #bankruptcy https://t.co/7GFPVyL8LS",,https://pbs.twimg.com/profile_images/1408495435279388672/EA8ihn0y_normal.jpg
